{"Sheet1": [{"DevEUI": "C467909841E14128", "Name": "Temperatursensor B\u00fcro 1", "Description": "Test-Ger\u00e4t f\u00fcr Montag #1", "Application_ID": "9c28da14-f0ff-46d8-96b1-01706f7d7299", "Device_Profile_ID": "728e257b-1f8e-4826-8929-6dd18adfd97e", "NwkKey": "A3B7025FCD4EC399C349808FFC83BA58", "AppKey": "306BF2AF3557D9EB8A6A6CD3582E6F43"}, {"DevEUI": "E401BA5D35614EF2", "Name": "Feuchtigkeitssensor Raum 2", "Description": "Test-Ger\u00e4t f\u00fcr Montag #2", "Application_ID": "9c28da14-f0ff-46d8-96b1-01706f7d7299", "Device_Profile_ID": "728e257b-1f8e-4826-8929-6dd18adfd97e", "NwkKey": "D557FDD4F95B75D2D0BC4B381618A4D7", "AppKey": "F07625F2BBCDE4BA8FBE81A37E231A1B"}, {"DevEUI": "B92DC72D87AA65DE", "Name": "CO2-Sensor Konferenzraum 3", "Description": "Test-Ger\u00e4t f\u00fcr Montag #3", "Application_ID": "9c28da14-f0ff-46d8-96b1-01706f7d7299", "Device_Profile_ID": "728e257b-1f8e-4826-8929-6dd18adfd97e", "NwkKey": "6FE5E63D799B46E0A407DF4379E96314", "AppKey": "DE687ED6C676CD466ECB870B9B56E682"}, {"DevEUI": "A41125219B3F7781", "Name": "Bewegungsmelder Flur 4", "Description": "Test-Ger\u00e4t f\u00fcr Montag #4", "Application_ID": "9c28da14-f0ff-46d8-96b1-01706f7d7299", "Device_Profile_ID": "728e257b-1f8e-4826-8929-6dd18adfd97e", "NwkKey": "0D1FF13278FA89CD42E477CB1D85777F", "AppKey": "69EC56838D90EF06CC6E3D47A8317A87"}, {"DevEUI": "17E9E4F2385D36C3", "Name": "Energiez\u00e4hler Abteilung 5", "Description": "Test-Ger\u00e4t f\u00fcr Montag #5", "Application_ID": "9c28da14-f0ff-46d8-96b1-01706f7d7299", "Device_Profile_ID": "728e257b-1f8e-4826-8929-6dd18adfd97e", "NwkKey": "94FACA88CE3CC81553349356FF1EF35C", "AppKey": "9FBCA722380C49F81C0B5A0BCE245E40"}, {"DevEUI": "9076F7D49D9644E4", "Name": "Luftqualit\u00e4tssensor B\u00fcro 6", "Description": "Test-Ger\u00e4t f\u00fcr Montag #6", "Application_ID": "9c28da14-f0ff-46d8-96b1-01706f7d7299", "Device_Profile_ID": "728e257b-1f8e-4826-8929-6dd18adfd97e", "NwkKey": "2D6EEEB96C26754D9B6E7BD800574ACF", "AppKey": "8F0CD1207A5C0DC73CECE1DDC3DE8D88"}, {"DevEUI": "5AE53C4AF0182184", "Name": "Parksensor Parkplatz 7", "Description": "Test-Ger\u00e4t f\u00fcr Montag #7", "Application_ID": "9c28da14-f0ff-46d8-96b1-01706f7d7299", "Device_Profile_ID": "728e257b-1f8e-4826-8929-6dd18adfd97e", "NwkKey": "6DF56A2781CFE87ED221415266A5222E", "AppKey": "3FBA963344EAA9CB1D0632E3A03216B9"}, {"DevEUI": "FCB9175F8BE07534", "Name": "Wasserz\u00e4hler Geb\u00e4ude 8", "Description": "Test-Ger\u00e4t f\u00fcr Montag #8", "Application_ID": "9c28da14-f0ff-46d8-96b1-01706f7d7299", "Device_Profile_ID": "728e257b-1f8e-4826-8929-6dd18adfd97e", "NwkKey": "175D9FBE2BEC2357AC7A7E2DD58BE647", "AppKey": "67636057CE5649ED81456F893434F162"}, {"DevEUI": "9472914313F51B30", "Name": "Drucksensor Heizung 9", "Description": "Test-Ger\u00e4t f\u00fcr Montag #9", "Application_ID": "9c28da14-f0ff-46d8-96b1-01706f7d7299", "Device_Profile_ID": "728e257b-1f8e-4826-8929-6dd18adfd97e", "NwkKey": "BAF662E0823B52A1963ABB867D45164E", "AppKey": "988D6A6DF7E99B66B08C3C70B4244C3F"}, {"DevEUI": "5B148BA46906A1C7", "Name": "Lichtsensor B\u00fcro 10", "Description": "Test-Ger\u00e4t f\u00fcr Montag #10", "Application_ID": "9c28da14-f0ff-46d8-96b1-01706f7d7299", "Device_Profile_ID": "728e257b-1f8e-4826-8929-6dd18adfd97e", "NwkKey": "3CF0D5AD5DBC4FC7289CA74052ECD723", "AppKey": "83150BEF2DDFC8B7703E9DE7C0810720"}, {"DevEUI": "8452E9F4C43399A9", "Name": "T\u00fcrsensor Eingang 11", "Description": "Test-Ger\u00e4t f\u00fcr Montag #11", "Application_ID": "9c28da14-f0ff-46d8-96b1-01706f7d7299", "Device_Profile_ID": "728e257b-1f8e-4826-8929-6dd18adfd97e", "NwkKey": "109C2912F65CACC29A92444D371F2AB9", "AppKey": "E89255266F652B14948281534B65077E"}, {"DevEUI": "941AA34B44CD967E", "Name": "Fenstersensor Raum 12", "Description": "Test-Ger\u00e4t f\u00fcr Montag #12", "Application_ID": "9c28da14-f0ff-46d8-96b1-01706f7d7299", "Device_Profile_ID": "728e257b-1f8e-4826-8929-6dd18adfd97e", "NwkKey": "FE860650EA0B8A147247250522BFBE3F", "AppKey": "2123C65F0A892A8EF5632B78B17DABB7"}, {"DevEUI": "39E391DBE0791A35", "Name": "Temperatursensor B\u00fcro 13", "Description": "Test-Ger\u00e4t f\u00fcr Montag #13", "Application_ID": "9c28da14-f0ff-46d8-96b1-01706f7d7299", "Device_Profile_ID": "728e257b-1f8e-4826-8929-6dd18adfd97e", "NwkKey": "444D97534D4FA1EA27D37BB34FEF599F", "AppKey": "E708E678079D48E49FD0F5CED92D24D5"}, {"DevEUI": "6FFCAE1256581087", "Name": "Feuchtigkeitssensor Raum 14", "Description": "Test-Ger\u00e4t f\u00fcr Montag #14", "Application_ID": "9c28da14-f0ff-46d8-96b1-01706f7d7299", "Device_Profile_ID": "728e257b-1f8e-4826-8929-6dd18adfd97e", "NwkKey": "229C94CA620E781BAC2345EE8A7FCD78", "AppKey": "5B64E3C5EF30B6D57E80EEEEC9C67AFD"}]}