{
  "devices": [
    {
      "dev_eui": "0004A30B001C0000",
      "name": "JSON Test Device 1",
      "application_id": "json-app-001",
      "device_profile_id": "728e257b-1f8e-4826-8929-6dd18adfd97e",
      "nwk_key": "FFEEDDCCBBAA99887766554433000000",
      "app_key": "00112233445566778899AABBCC000000",
      "description": "Sample JSON device #1",
      "tags": {
        "location": "Building 1",
        "floor": "1",
        "type": "sensor"
      }
    },
    {
      "dev_eui": "0004A30B001C0001",
      "name": "JSON Test Device 2",
      "application_id": "json-app-001",
      "device_profile_id": "728e257b-1f8e-4826-8929-6dd18adfd97e",
      "nwk_key": "FFEEDDCCBBAA99887766554433000001",
      "app_key": "00112233445566778899AABBCC000001",
      "description": "Sample JSON device #2",
      "tags": {
        "location": "Building 2",
        "floor": "2",
        "type": "sensor"
      }
    },
    {
      "dev_eui": "0004A30B001C0002",
      "name": "JSON Test Device 3",
      "application_id": "json-app-001",
      "device_profile_id": "728e257b-1f8e-4826-8929-6dd18adfd97e",
      "nwk_key": "FFEEDDCCBBAA99887766554433000002",
      "app_key": "00112233445566778899AABBCC000002",
      "description": "Sample JSON device #3",
      "tags": {
        "location": "Building 3",
        "floor": "3",
        "type": "sensor"
      }
    },
    {
      "dev_eui": "0004A30B001C0003",
      "name": "JSON Test Device 4",
      "application_id": "json-app-001",
      "device_profile_id": "728e257b-1f8e-4826-8929-6dd18adfd97e",
      "nwk_key": "FFEEDDCCBBAA99887766554433000003",
      "app_key": "00112233445566778899AABBCC000003",
      "description": "Sample JSON device #4",
      "tags": {
        "location": "Building 1",
        "floor": "4",
        "type": "sensor"
      }
    },
    {
      "dev_eui": "0004A30B001C0004",
      "name": "JSON Test Device 5",
      "application_id": "json-app-002",
      "device_profile_id": "728e257b-1f8e-4826-8929-6dd18adfd97e",
      "nwk_key": "FFEEDDCCBBAA99887766554433000004",
      "app_key": "00112233445566778899AABBCC000004",
      "description": "Sample JSON device #5",
      "tags": {
        "location": "Building 2",
        "floor": "5",
        "type": "sensor"
      }
    },
    {
      "dev_eui": "0004A30B001C0005",
      "name": "JSON Test Device 6",
      "application_id": "json-app-002",
      "device_profile_id": "728e257b-1f8e-4826-8929-6dd18adfd97e",
      "nwk_key": "FFEEDDCCBBAA99887766554433000005",
      "app_key": "00112233445566778899AABBCC000005",
      "description": "Sample JSON device #6",
      "tags": {
        "location": "Building 3",
        "floor": "1",
        "type": "sensor"
      }
    },
    {
      "dev_eui": "0004A30B001C0006",
      "name": "JSON Test Device 7",
      "application_id": "json-app-002",
      "device_profile_id": "728e257b-1f8e-4826-8929-6dd18adfd97e",
      "nwk_key": "FFEEDDCCBBAA99887766554433000006",
      "app_key": "00112233445566778899AABBCC000006",
      "description": "Sample JSON device #7",
      "tags": {
        "location": "Building 1",
        "floor": "2",
        "type": "sensor"
      }
    },
    {
      "dev_eui": "0004A30B001C0007",
      "name": "JSON Test Device 8",
      "application_id": "json-app-002",
      "device_profile_id": "728e257b-1f8e-4826-8929-6dd18adfd97e",
      "nwk_key": "FFEEDDCCBBAA99887766554433000007",
      "app_key": "00112233445566778899AABBCC000007",
      "description": "Sample JSON device #8",
      "tags": {
        "location": "Building 2",
        "floor": "3",
        "type": "sensor"
      }
    }
  ]
}